Workbook

Sheet Sheet1
A1: GOOGLE FORMS + SHEETS PORTFOLIO PROJECT Project Title: Customer Feedback & Service Analytics System
A11: 1. PROJECT CONCEPT (REAL-WORLD USE CASE) You are building a system that:
A15: • Collects customer feedback via Google Forms. • Stores responses in Google Sheets automatically. • Analyzes satisfaction, trends, and service performance. • Generates insights for business decisions.

Sheet Raw Data(From Google Form)
A1: Timestamp | B1: Email Address | C1: Full Name | D1: Age Range | E1: Location | F1: How satisfied are you? | G1: Was your issue resolved? | H1: How long did it take? | I1: Service Speed | J1: Staff Professionalism | K1: Ease of Use | L1: Would you recommend us? | M1: Additional comments
A2: 46122.647 | B2: msuleiman857@gmail.com | C2: Suleiman | D2: 18-25 | E2: lokoja | F2: 2 | G2: No | H2: 5-15 min | I2: 2 | J2: 2 | K2: 1 | L2: Yes
A3: 46122.654 | B3: obenenoblec@gmail.com | C3: OBENE NOBLE | D3: 26-35 | E3: Ilorin | F3: 4 | G3: Maybe | H3: <5 min | I3: 4 | J3: 5 | K3: 5 | L3: Yes | M3: SATISFACTORY
A4: 46122.657 | B4: jhauwa13@gmail.com | C4: Ummi Naasir | D4: 18-25 | E4: Lokoja,kogi state | F4: 5 | G4: Maybe | H4: <5 min | I4: 1 | J4: 5 | K4: 5 | L4: Yes | M4: Excellent
A5: 46122.669 | B5: eguda30@gmail.com | C5: Eguda Daniel omojo | D5: 18-25 | E5: Kaduna | F5: 4 | G5: Yes | H5: 5-15 min | I5: 3 | J5: 3 | K5: 3 | L5: Yes | M5: No further comment
A6: 46122.675 | B6: okekeifeanyipeter6@gmail.com | C6: Peter Samson | D6: 18-25 | E6: KOGI STATE | F6: 3 | G6: Maybe | H6: 15-30 min | I6: 3 | J6: 4 | K6: 4 | L6: Maybe | M6: 🤲
A7: 46122.71 | B7: mayowaolamide94@gmail.com | C7: Alao Mayowa Olamide | D7: 18-25 | E7: Lagos | F7: 5 | G7: Yes | H7: <5 min | I7: 5 | J7: 5 | K7: 5 | L7: Yes | M7: It’s amazing
A8: 46122.801 | B8: anajembaebube@gmail.com | C8: Ebube Pascal Anajemba | D8: 18-25 | E8: Lokoja | F8: 3 | G8: Maybe | H8: <5 min | I8: 5 | J8: 3 | K8: 3 | L8: Maybe | M8: None
A9: 46122.896 | B9: oguche630@gmail.com | C9: Israel Oguche | D9: 18-25 | E9: Lagos | F9: 4 | G9: Yes | H9: <5 min | I9: 4 | J9: 5 | K9: 4 | L9: Yes
A10: 46123.883 | B10: favourogbaoldskul@gmail.com | C10: Ogba favour | D10: 18-25 | E10: Lokoja | F10: 5 | G10: No | H10: <5 min | I10: 5 | J10: 5 | K10: 5 | L10: Yes | M10: Thanks
A11: 46125.423 | B11: okutepapeter2@gmail.com | C11: Okutepa Peter | D11: 26-35 | E11: Paiko | F11: 4 | G11: Yes | H11: <5 min | I11: 1 | J11: 1 | K11: 1 | L11: Yes

Sheet Cleaned Data
A1: Timestamp | B1: Email Address | C1: Full Name | D1: Age Range | E1: Location | F1: How satisfied are you? | G1: Was your issue resolved? | H1: How long did it take? | I1: Service Speed | J1: Staff Professionalism | K1: Ease of Use | L1: Would you recommend us? | M1: Additional comments
A2: 46122.647 | B2: msuleiman857@gmail.com | C2: Suleiman | D2: 18-25 | E2: =PROPER(Form_Responses3[[#This Row],[Location]]) -> Lokoja | F2: 2 | G2: No | H2: 5-15 min | I2: 2 | J2: 2 | K2: 1 | L2: Yes
A3: 46122.654 | B3: obenenoblec@gmail.com | C3: Obene Noble | D3: 26-35 | E3: =PROPER(Form_Responses3[[#This Row],[Location]]) -> Ilorin | F3: 4 | G3: Maybe | H3: <5 min | I3: 4 | J3: 5 | K3: 5 | L3: Yes | M3: SATISFACTORY
A4: 46122.657 | B4: jhauwa13@gmail.com | C4: Ummi Naasir | D4: 18-25 | E4: =PROPER(Form_Responses3[[#This Row],[Location]]) -> Lokoja,Kogi State | F4: 5 | G4: Maybe | H4: <5 min | I4: 1 | J4: 5 | K4: 5 | L4: Yes | M4: Excellent
A5: 46122.669 | B5: eguda30@gmail.com | C5: Eguda Daniel Omojo | D5: 18-25 | E5: =PROPER(Form_Responses3[[#This Row],[Location]]) -> Kaduna | F5: 4 | G5: Yes | H5: 5-15 min | I5: 3 | J5: 3 | K5: 3 | L5: Yes | M5: No further comment
A6: 46122.675 | B6: okekeifeanyipeter6@gmail.com | C6: Peter Samson | D6: 18-25 | E6: =PROPER(Form_Responses3[[#This Row],[Location]]) -> Kogi State | F6: 3 | G6: Maybe | H6: 15-30 min | I6: 3 | J6: 4 | K6: 4 | L6: Maybe | M6: 🤲
A7: 46122.71 | B7: mayowaolamide94@gmail.com | C7: Alao Mayowa Olamide | D7: 18-25 | E7: =PROPER(Form_Responses3[[#This Row],[Location]]) -> Lagos | F7: 5 | G7: Yes | H7: <5 min | I7: 5 | J7: 5 | K7: 5 | L7: Yes | M7: It’s amazing
A8: 46122.801 | B8: anajembaebube@gmail.com | C8: Ebube Pascal Anajemba | D8: 18-25 | E8: =PROPER(Form_Responses3[[#This Row],[Location]]) -> Lokoja | F8: 3 | G8: Maybe | H8: <5 min | I8: 5 | J8: 3 | K8: 3 | L8: Maybe | M8: None
A9: 46122.896 | B9: oguche630@gmail.com | C9: Israel Oguche | D9: 18-25 | E9: =PROPER(Form_Responses3[[#This Row],[Location]]) -> Lagos | F9: 4 | G9: Yes | H9: <5 min | I9: 4 | J9: 5 | K9: 4 | L9: Yes
A10: 46123.883 | B10: favourogbaoldskul@gmail.com | C10: Ogba Favour | D10: 18-25 | E10: =PROPER(Form_Responses3[[#This Row],[Location]]) -> Lokoja | F10: 5 | G10: No | H10: <5 min | I10: 5 | J10: 5 | K10: 5 | L10: Yes | M10: Thanks
A11: 46125.423 | B11: okutepapeter2@gmail.com | C11: Okutepa Peter | D11: 26-35 | E11: =PROPER(Form_Responses3[[#This Row],[Location]]) -> Paiko | F11: 4 | G11: Yes | H11: <5 min | I11: 1 | J11: 1 | K11: 1 | L11: Yes

Sheet Analytics
A1: Timestamp | B1: Email Address | C1: Full Name | D1: Age Range | E1: Location | F1: Service Used | G1: How satisfied are you? | H1: Was your issue resolved? | I1: How long did it take? | J1: Service Speed | K1: Staff Professionalism | L1: Ease of Use | M1: Would you recommend us? | N1: Additional comments
A2: 46122.647 | B2: msuleiman857@gmail.com | C2: Suleiman | D2: 18-25 | E2: =PROPER(Form_Responses34[[#This Row],[Location]]) -> Lokoja | F2: Banking | G2: 2 | H2: No | I2: 5-15 min | J2: 2 | K2: 2 | L2: 1 | M2: Yes
A3: 46122.654 | B3: obenenoblec@gmail.com | C3: Obene Noble | D3: 26-35 | E3: =PROPER(Form_Responses34[[#This Row],[Location]]) -> Ilorin | F3: Support Desk | G3: 4 | H3: Maybe | I3: <5 min | J3: 4 | K3: 5 | L3: 5 | M3: Yes | N3: SATISFACTORY
A4: 46122.657 | B4: jhauwa13@gmail.com | C4: Ummi Naasir | D4: 18-25 | E4: =PROPER(Form_Responses34[[#This Row],[Location]]) -> Lokoja,Kogi State | F4: Retail | G4: 5 | H4: Maybe | I4: <5 min | J4: 1 | K4: 5 | L4: 5 | M4: Yes | N4: Excellent
A5: 46122.669 | B5: eguda30@gmail.com | C5: Eguda Daniel Omojo | D5: 18-25 | E5: =PROPER(Form_Responses34[[#This Row],[Location]]) -> Kaduna | F5: Banking | G5: 4 | H5: Yes | I5: 5-15 min | J5: 3 | K5: 3 | L5: 3 | M5: Yes | N5: No further comment
A6: 46122.675 | B6: okekeifeanyipeter6@gmail.com | C6: Peter Samson | D6: 18-25 | E6: =PROPER(Form_Responses34[[#This Row],[Location]]) -> Kogi State | F6: Online Service | G6: 3 | H6: Maybe | I6: 15-30 min | J6: 3 | K6: 4 | L6: 4 | M6: Maybe | N6: 🤲
A7: 46122.71 | B7: mayowaolamide94@gmail.com | C7: Alao Mayowa Olamide | D7: 18-25 | E7: =PROPER(Form_Responses34[[#This Row],[Location]]) -> Lagos | F7: Retail | G7: 5 | H7: Yes | I7: <5 min | J7: 5 | K7: 5 | L7: 5 | M7: Yes | N7: It’s amazing
A8: 46122.801 | B8: anajembaebube@gmail.com | C8: Ebube Pascal Anajemba | D8: 18-25 | E8: =PROPER(Form_Responses34[[#This Row],[Location]]) -> Lokoja | F8: Support Desk | G8: 3 | H8: Maybe | I8: <5 min | J8: 5 | K8: 3 | L8: 3 | M8: Maybe | N8: None
A9: 46122.896 | B9: oguche630@gmail.com | C9: Israel Oguche | D9: 18-25 | E9: =PROPER(Form_Responses34[[#This Row],[Location]]) -> Lagos | F9: Banking | G9: 4 | H9: Yes | I9: <5 min | J9: 4 | K9: 5 | L9: 4 | M9: Yes
A10: 46123.883 | B10: favourogbaoldskul@gmail.com | C10: Ogba Favour | D10: 18-25 | E10: =PROPER(Form_Responses34[[#This Row],[Location]]) -> Lokoja | F10: Online Service | G10: 5 | H10: No | I10: <5 min | J10: 5 | K10: 5 | L10: 5 | M10: Yes | N10: Thanks
A11: 46125.423 | B11: okutepapeter2@gmail.com | C11: Okutepa Peter | D11: 26-35 | E11: =PROPER(Form_Responses34[[#This Row],[Location]]) -> Paiko | F11: Banking | G11: 4 | H11: Yes | I11: <5 min | J11: 1 | K11: 1 | L11: 1 | M11: Yes
B13: Average Satisfaction Score | C13: =AVERAGE(G2:G11) -> 3.9
B14: Resolution Rate (%) | C14: =COUNTIF(H2:H11,"Yes")/COUNTA(H2:H11) -> 0.4
B15: Average Service Speed Score | C15: =AVERAGE(J2:J11) -> 3.3
B16: Customer Recommendation Rate | C16: =COUNTIF(M2:M11,"Yes")/COUNTA(M2:M11) -> 0.8
B17: Most Used Service Type | C17: {=INDEX(F2:F11, MATCH(MAX(COUNTIF(F2:F11, F2:F11)), COUNTIF(F2:F11, F2:F11), 0))} -> Banking
A19: SUMMARY TABLE
A21: Summary Table(Customer Rating) | D21: Summary Table(Resolution Rate) | G21: Summary Table(Service Used) | J21: Speed vs Satisfaction
A22: Rating | B22: Numbers of customers | D22: Resolution | E22: Count | G22: Service Used | H22: Count | J22: Speed | K22: Satisfaction
A23: 1 | B23: =COUNTIF(G2:G11, 1) -> 0 | D23: Yes | E23: =COUNTIF(Analytics!H2:H11, "Yes") -> 4 | G23: Banking | H23: =COUNTIF(F2:F11, "Banking") -> 4 | J23: 1 | K23: 1
A24: 2 | B24: =COUNTIF(G2:G11, 2) -> 1 | D24: No | E24: =COUNTIF(Analytics!H2:H11, "No") -> 2 | G24: Support Desk | H24: =COUNTIF(F2:F11, "Support Desk") -> 2 | J24: 2 | K24: 2
A25: 3 | B25: =COUNTIF(G2:G11, 3) -> 2 | D25: Maybe | E25: =COUNTIF(Analytics!H2:H11, "Maybe") -> 4 | G25: Online Service | H25: =COUNTIF(F2:F11, "Online Service") -> 2 | J25: 3 | K25: 3
A26: 4 | B26: =COUNTIF(G2:G11, 4) -> 4 | G26: Retail | H26: =COUNTIF(F2:F11, "Retail") -> 2 | J26: 4 | K26: 4
A27: 5 | B27: =COUNTIF(G2:G11, 5) -> 3 | J27: 5 | K27: 5
A30: BUSINESS INSIGHTS
B32: Average customer satisfaction score | C32: =AVERAGE(Form_Responses34[How satisfied are you?]) -> 3.9
B33: Service type with highest satisfaction | C33: =GETPIVOTDATA("How satisfied are you?",'BUSINESS INSIGHTS'!$A$16,"Service Used","Banking") -> 4
B34: Locations with highest service performance | C34: =GETPIVOTDATA("Service Speed",'BUSINESS INSIGHTS'!$E$16,"Location","Lokoja") -> 12
B35: Most used service type | C35: =C17 -> Banking
B36: Customer Recommendation Rate | C36: =C16 -> 0.8
B37: Resolution Rate (%) | C37: =C14 -> 0.4

Sheet BUSINESS INSIGHTS
A2: Average Satisfaction by Service Type | E2: Location Performance
A3: Row Labels | B3: Average of How satisfied are you? | E3: Row Labels | F3: Max of Service Speed
A4: Banking | B4: 3.5 | E4: Ilorin | F4: 4
A5: Online Service | B5: 4 | E5: Kaduna | F5: 3
A6: Retail | B6: 5 | E6: Kogi State | F6: 3
A7: Support Desk | B7: 3.5 | E7: Lagos | F7: 4
A8: Grand Total | B8: 3.9 | E8: Lagos | F8: 5
E9: Lokoja | F9: 5
E10: Lokoja,Kogi State | F10: 1
E11: Paiko | F11: 1
E12: Grand Total | F12: 5
A15: Max of satisfaction of customer | E15: Sum of service speed
A16: Row Labels | B16: Max of How satisfied are you? | E16: Row Labels | F16: Sum of Service Speed
A17: Banking | B17: 4 | E17: Ilorin | F17: 4
A18: Online Service | B18: 5 | E18: Kaduna | F18: 3
A19: Retail | B19: 5 | E19: Kogi State | F19: 3
A20: Support Desk | B20: 4 | E20: Lagos | F20: 4
A21: Grand Total | B21: 5 | E21: Lagos | F21: 5
E22: Lokoja | F22: 12
E23: Lokoja,Kogi State | F23: 1
E24: Paiko | F24: 1
E25: Grand Total | F25: 33

Sheet Dashboard
